Workbook

Sheet new only
A1: year | B1: competition_id | C1: url | D1: http_status | E1: competition_name | F1: start_date | G1: end_date | H1: location | I1: fetched_at_utc | J1: probe_error | K1: officials_analysis_competition_type_id | L1: season_year
A2: 2025 | B2: 36208 | C2: https://ijs.usfigureskating.org/leaderboard/results/2025/36208/index.asp | D2: 200 | E2: Vail Invitational Figure Skating Championships | F2: 9331 | G2: 9332 | H2: Steamboat Springs, CO | I2: 2026-05-11T16:39:04+00:00 | K2: 11 | L2: 2425
A3: 2025 | B3: 36377 | C3: https://ijs.usfigureskating.org/leaderboard/results/2025/36377/index.asp | D3: 200 | E3: 2025 Madison Open | F3: 9401 | G3: 9402 | H3: Madison, WI | I3: 2026-05-11T16:39:43+00:00 | K3: 11 | L3: 2425
A4: 2025 | B4: 36371 | C4: https://ijs.usfigureskating.org/leaderboard/results/2025/36371/index.asp | D4: 200 | E4: 2025 Arizona State Championships | F4: 9416 | G4: 9417 | H4: Peoria, AZ | I4: 2026-05-11T16:39:41+00:00 | K4: 11 | L4: 2425
A5: 2025 | B5: 35781 | C5: https://ijs.usfigureskating.org/leaderboard/results/2025/35781/index.asp | D5: 200 | E5: 2025 New Year's Invitational | F5: 45661 | G5: 45662 | H5: Haymarket, VA | I5: 2026-05-11T16:37:23+00:00 | K5: 11 | L5: 2425
A6: 2025 | B6: 35799 | C6: https://ijs.usfigureskating.org/leaderboard/results/2025/35799/index.asp | D6: 200 | E6: 2025 Northern Star Individual, LTS, and Synchro Co | F6: 45666 | G6: 45669 | H6: East Grand Forks, MN | I6: 2026-05-11T16:37:28+00:00 | K6: 11 | L6: 2425
A7: 2025 | B7: 35715 | C7: https://ijs.usfigureskating.org/leaderboard/results/2025/35715/index.asp | D7: 200 | E7: 2025 San Diego Sweetheart Classic Synchro | F7: 45668 | G7: 45668 | H7: Poway, CA | I7: 2026-05-11T16:37:03+00:00 | K7: 11 | L7: 2425
A8: 2025 | B8: 35768 | C8: https://ijs.usfigureskating.org/leaderboard/results/2025/35768/index.asp | D8: 200 | E8: 45th Annual Nortland Figure Skating Competition | F8: 45673 | G8: 45676 | H8: Duluth, MN | I8: 2026-05-11T16:37:19+00:00 | K8: 11 | L8: 2425
A9: 2025 | B9: 35827 | C9: https://ijs.usfigureskating.org/leaderboard/results/2025/35827/index.asp | D9: 200 | E9: 2025 Badger State Games | F9: 45680 | G9: 45683 | H9: Mosinee, WI | I9: 2026-05-11T16:37:36+00:00 | K9: 11 | L9: 2425
A10: 2025 | B10: 35929 | C10: https://ijs.usfigureskating.org/leaderboard/results/2025/35929/index.asp | D10: 200 | E10: Celebrate Skating 2025 | F10: 45682 | G10: 45682 | H10: Euclid, Ohio | I10: 2026-05-11T16:38:02+00:00 | K10: 11 | L10: 2425
A11: 2025 | B11: 35907 | C11: https://ijs.usfigureskating.org/leaderboard/results/2025/35907/index.asp | D11: 200 | E11: 2025 Empire State Winter Games | F11: 45687 | G11: 45690 | H11: Olympic Center, Lake Placid, NY | I11: 2026-05-11T16:37:57+00:00 | K11: 11 | L11: 2425
A12: 2025 | B12: 35751 | C12: https://ijs.usfigureskating.org/leaderboard/results/2025/35751/index.asp | D12: 200 | E12: 2025 Magic City International Figure Skating Compe | F12: 45688 | G12: 45689 | H12: Minot, ND | I12: 2026-05-11T16:37:14+00:00 | K12: 11 | L12: 2425
A13: 2025 | B13: 35558 | C13: https://ijs.usfigureskating.org/leaderboard/results/2025/35558/index.asp | D13: 200 | E13: 2025 Ohio High School Team Championships | F13: 45695 | G13: 45697 | H13: Shaker Heights, Ohio | I13: 2026-05-11T16:36:28+00:00 | K13: 11 | L13: 2425
... A238: 2025 | B238: 34272 | C238: https://ijs.usfigureskating.org/leaderboard/results/2025/34272/index.asp | D238: 200 | E238: 2025 U.S. Collegiate Championships - Invitational | F238: 45856 | G238: 45858 | H238: Flossmoor, IL | I238: 2026-05-11T16:32:10+00:00 | K238: 14 | L238: 2526

Sheet 2025_discovered_ijs_competition
A1: year | B1: competition_id | C1: url | D1: http_status | E1: competition_name | F1: start_date | G1: end_date | H1: location | I1: fetched_at_utc | J1: probe_error
A2: 2025 | B2: 30911 | C2: https://ijs.usfigureskating.org/leaderboard/results/2025/30911/index.asp | D2: 200 | E2: 2025 Eastern Adult Sectional FS Championships | F2: 45730 | G2: 45732 | H2: Extreme Ice Center, Indian Trail, NC | I2: 2026-05-11T16:21:00+00:00 | K2: =COUNTIF(Sheet1!A:A,'2025_discovered_ijs_competition'!B2) -> 0
A3: 2025 | B3: 30914 | C3: https://ijs.usfigureskating.org/leaderboard/results/2025/30914/index.asp | D3: 200 | E3: 2025 Midwestern Adult Sectional FS Championships | F3: 45737 | G3: 45739 | H3: Madison, WI | I3: 2026-05-11T16:21:01+00:00 | K3: =COUNTIF(Sheet1!A:A,'2025_discovered_ijs_competition'!B3) -> 0
A4: 2025 | B4: 30917 | C4: https://ijs.usfigureskating.org/leaderboard/results/2025/30917/index.asp | D4: 200 | E4: 2025 Pacific Coast Adult Sectional FS Championship | F4: 45729 | G4: 45732 | H4: Paramount, CA | I4: 2026-05-11T16:21:01+00:00 | K4: =COUNTIF(Sheet1!A:A,'2025_discovered_ijs_competition'!B4) -> 0
A5: 2025 | B5: 30920 | C5: https://ijs.usfigureskating.org/leaderboard/results/2025/30920/index.asp | D5: 200 | E5: 2025 U.S. Adult Figure Skating Championships | F5: 45747 | G5: 45752 | H5: St Louis Park, MN | I5: 2026-05-11T16:21:02+00:00 | K5: =COUNTIF(Sheet1!A:A,'2025_discovered_ijs_competition'!B5) -> 0
A6: 2025 | B6: 34237 | C6: https://ijs.usfigureskating.org/leaderboard/results/2025/34237/index.asp | D6: 200 | E6: 2025 U.S. Synchronized Skating Championships | F6: 45713 | G6: 45717 | H6: Colorado Springs, CO | I6: 2026-05-11T16:32:02+00:00 | K6: =COUNTIF(Sheet1!A:A,'2025_discovered_ijs_competition'!B6) -> 1
A7: 2025 | B7: 34239 | C7: https://ijs.usfigureskating.org/leaderboard/results/2025/34239/index.asp | D7: 200 | E7: 2025 Eastern Synchronized Skating Sectional Champi | F7: 45679 | G7: 45682 | H7: Hershey, PA | I7: 2026-05-11T16:32:03+00:00 | K7: =COUNTIF(Sheet1!A:A,'2025_discovered_ijs_competition'!B7) -> 1
A8: 2025 | B8: 34240 | C8: https://ijs.usfigureskating.org/leaderboard/results/2025/34240/index.asp | D8: 200 | E8: 2025 Midwestern Synchronized Skating Sectional Cha | F8: 45686 | G8: 45689 | H8: Kalamazoo, MI | I8: 2026-05-11T16:32:03+00:00 | K8: =COUNTIF(Sheet1!A:A,'2025_discovered_ijs_competition'!B8) -> 1
A9: 2025 | B9: 34241 | C9: https://ijs.usfigureskating.org/leaderboard/results/2025/34241/index.asp | D9: 200 | E9: 2025 Pacific Coast Synchronized Skating Sectional | F9: 45687 | G9: 45689 | H9: Irvine, CA | I9: 2026-05-11T16:32:03+00:00 | K9: =COUNTIF(Sheet1!A:A,'2025_discovered_ijs_competition'!B9) -> 1
A10: 2025 | B10: 34252 | C10: https://ijs.usfigureskating.org/leaderboard/results/2025/34252/index.asp | D10: 200 | E10: 2026 Eastern Sectional Singles Final | F10: 45971 | G10: 45977 | H10: North Charleston, SC | I10: 2026-05-11T16:32:06+00:00 | K10: =COUNTIF(Sheet1!A:A,'2025_discovered_ijs_competition'!B10) -> 1
A11: 2025 | B11: 34253 | C11: https://ijs.usfigureskating.org/leaderboard/results/2025/34253/index.asp | D11: 200 | E11: 2026 Midwestern Sectional Singles - U.S. Pairs Fin | F11: 45977 | G11: 45982 | H11: East Lansing, MI | I11: 2026-05-11T16:32:06+00:00 | K11: =COUNTIF(Sheet1!A:A,'2025_discovered_ijs_competition'!B11) -> 1
A12: 2025 | B12: 34254 | C12: https://ijs.usfigureskating.org/leaderboard/results/2025/34254/index.asp | D12: 200 | E12: 2026 Pacific Coast Sectional Singles - U.S. Ice Da | F12: 45963 | G12: 45967 | H12: Henderson, NV | I12: 2026-05-11T16:32:06+00:00 | K12: =COUNTIF(Sheet1!A:A,'2025_discovered_ijs_competition'!B12) -> 1
A13: 2025 | B13: 34272 | C13: https://ijs.usfigureskating.org/leaderboard/results/2025/34272/index.asp | D13: 200 | E13: 2025 U.S. Collegiate Championships - Invitational | F13: 45856 | G13: 45858 | H13: Flossmoor, IL | I13: 2026-05-11T16:32:10+00:00 | K13: =COUNTIF(Sheet1!A:A,'2025_discovered_ijs_competition'!B13) -> 0
... A299: 2025 | B299: 36746 | C299: https://ijs.usfigureskating.org/leaderboard/results/2025/36746/index.asp | D299: 200 | E299: 34th Annual Skaneateles Figure Skating Invitationa | F299: 45997 | G299: 45998 | H299: Skaneateles Community Center | I299: 2026-05-11T16:41:03+00:00 | K299: =COUNTIF(Sheet1!A:A,'2025_discovered_ijs_competition'!B299) -> 0
J301: Loaded | K301: =SUM(K2:K299) -> 61
J302: Total | K302: =COUNTA(A2:A299)-K301 -> 237

Sheet Sheet1
A1: Existing
A2: 34237 | B2: =COUNTIF('2025_discovered_ijs_competition'!B:B,Sheet1!A2) -> 1
A3: 34239 | B3: =COUNTIF('2025_discovered_ijs_competition'!B:B,Sheet1!A3) -> 1
A4: 34240 | B4: =COUNTIF('2025_discovered_ijs_competition'!B:B,Sheet1!A4) -> 1
A5: 34241 | B5: =COUNTIF('2025_discovered_ijs_competition'!B:B,Sheet1!A5) -> 1
A6: 34252 | B6: =COUNTIF('2025_discovered_ijs_competition'!B:B,Sheet1!A6) -> 1
A7: 34253 | B7: =COUNTIF('2025_discovered_ijs_competition'!B:B,Sheet1!A7) -> 1
A8: 34254 | B8: =COUNTIF('2025_discovered_ijs_competition'!B:B,Sheet1!A8) -> 1
A9: 35103 | B9: =COUNTIF('2025_discovered_ijs_competition'!B:B,Sheet1!A9) -> 1
A10: 35490 | B10: =COUNTIF('2025_discovered_ijs_competition'!B:B,Sheet1!A10) -> 1
A11: 35539 | B11: =COUNTIF('2025_discovered_ijs_competition'!B:B,Sheet1!A11) -> 1
A12: 35551 | B12: =COUNTIF('2025_discovered_ijs_competition'!B:B,Sheet1!A12) -> 1
A13: 35569 | B13: =COUNTIF('2025_discovered_ijs_competition'!B:B,Sheet1!A13) -> 1
... A63: 36658 | B63: =COUNTIF('2025_discovered_ijs_competition'!B:B,Sheet1!A63) -> 1
