Workbook

Sheet Sheet1
A1: Position | B1: Abbreviation | C1: Appointment_Type_Id | D1: Chief | E1: Discipline | F1: Lower_Levels_Only
A2: Chief Referee; Data Operator; Judge | B2: CR, DO, J-S | C2: 1 | E2: 1
A3: Data Operator; Judge | B3: DO, J-S | C3: 1 | E3: 1
A4: Data Operator; Judge Singles; TS Singles | B4: DO, J-S, TS-S | C4: 1 | E4: 1
A5: Judges D/S | B5: J-DS | C5: 1 | E5: 1
A6: Judge S | B6: J-S | C6: 1 | E6: 1
A7: Judges S | B7: J-S | C7: 1 | E7: 1
A8: Judge Singles | B8: J-S | C8: 1 | E8: 1
A9: Judge Singles | B9: J-S | C9: 1 | E9: 1
A10: Judge | B10: J-S | C10: 1 | E10: 1
A11: Judge Singles; Assistant Referee | B11: J-S, DO | C11: 1 | E11: 1
A12: Judge Singles; TC Singles; Referee; TS Singles | B12: J-S, R | C12: 1 | E12: 1
A13: Judge Singles; Referee Singles | C13: 1 | E13: 1
A14: Judge Singes; Referee Singles; Data Operator | C14: 1 | E14: 1
A15: Judge Singles; TC Singles; Referee; Data Operator | C15: 1 | E15: 1
A16: Judge Singles; TS Singles; TC Singles; Data Operator | C16: 1 | E16: 1
A17: Judge Singles; Data Operator | C17: 1 | E17: 1
A18: Judges S + Data | B18: J-S/DO | C18: 1 | E18: 1
A19: Judge S+D | B19: J-SD | C19: 1 | E19: 1
A20: Judge Dance; Judge Singles | B20: J-SD | C20: 1 | E20: 1
A21: Judge Singles and Dance | B21: J-SD | C21: 1 | E21: 1
A22: Assistant Dance Referee; TC Dance; Judge Singles & Dance; Data Operator | C22: 1 | E22: 1
A23: Assistant Referee; Judge Singles; Data Operator | C23: 1 | E23: 1
A24: TC Dance; Judge Dance; Judge Singles; Referee | C24: 1 | E24: 1
A25: TC Singles; Judge Singles; Data Operator | C25: 1 | E25: 1
A26: TC Singles; Judge Singles; Referee Singles and Dance | C26: 1 | E26: 1
A27: TC Singles; Judge | B27: TC-S, J-SP | C27: 1 | E27: 1
A28: TC Singles; Referee; Judge | B28: TC-S, R, J-S | C28: 1 | E28: 1
A29: TC-S + J-S | C29: 1 | E29: 1
A30: Judges S + TC-S | C30: 1 | E30: 1
A31: TC-Singles/Judge | C31: 1 | E31: 1
A32: TC-Singles/ Judge | C32: 1 | E32: 1
A33: Judge Dance | B33: J-D | C33: 1 | E33: 4
A34: Judge Dance (senior) | B34: J-D | C34: 1 | E34: 4
A35: Judge D | B35: J-D | C35: 1 | E35: 4
A36: Judges D | B36: J-D | C36: 1 | E36: 4
A37: Judge Dance- Lower | B37: J-D (Lower) | C37: 1 | E37: 4 | F37: 1
A38: Judge Dance; TS Dance | B38: J-D, TS-D | C38: 1 | E38: 4
A39: Judges D/S | B39: J-DS | C39: 1 | E39: 4
A40: Judge S+D | B40: J-SD | C40: 1 | E40: 4
A41: Judge Dance; Judge Singles | B41: J-SD | C41: 1 | E41: 4
A42: Judge Singles and Dance | B42: J-SD | C42: 1 | E42: 4
A43: Judge Dance/Singles/Pairs | B43: J-SPD | C43: 1 | E43: 4
A44: TC-Dance Junior & Judge Dance Senior | B44: J/TC-D | C44: 1 | E44: 4
A45: Judge Dance Senior & TC Dance Junior | B45: J/TC-D | C45: 1 | E45: 4
A46: Assistant Dance Referee, Judge-Dance | B46: R-D, J-D | C46: 1 | E46: 4
A47: Assistant Dance Referee; TC Dance; Judge Singles & Dance; Data Operator | C47: 1 | E47: 4
A48: TC Dance; Judge Dance; Judge Singles; Referee | C48: 1 | E48: 4
A49: Chief Referee; Judge S/P | B49: CR, J-SP | C49: 1 | E49: 9
A50: Data Operator; Judge S/P | B50: DO, J-SP | C50: 1 | E50: 9
A51: Data Operator; Referee; Judge S/P | B51: DP, R, J-SP | C51: 1 | E51: 9
A52: Judge Singles/Pairs | B52: J-SP | C52: 1 | E52: 9
A53: Judge Singles/Pairs | B53: J-SP | C53: 1 | E53: 9
A54: Judge S/P | B54: J-SP | C54: 1 | E54: 9
A55: Judges S/P | B55: J-SP | C55: 1 | E55: 9
A56: Judge Singles/Pairs- Lower | B56: J-SP (Lower) | C56: 1 | E56: 9 | F56: 1
A57: Judge S/P; Data Operator | B57: J-SP, DO | C57: 1 | E57: 9
A58: Judge S/P; TC Singles | B58: J-SP, TC-S | C58: 1 | E58: 9
A59: Judge S/P; TC Singles; Referee | B59: J-SP, TC-S, R | C59: 1 | E59: 9
A60: Judge Dance/Singles/Pairs | B60: J-SPD | C60: 1 | E60: 9
A61: Assistant Referee; Judge S/P | B61: R, J-SP | C61: 1 | E61: 9
A62: TC Singles; TC Pairs; Referee; Judge S/P | B62: TC-SP, R | C62: 1 | E62: 9
A63: TC-S + J-S/P | C63: 1 | E63: 9
A64: TC-S/P + J-S/P | C64: 1 | E64: 9
A65: Judge Singles/Pairs / TC | B65: TC/J-SP | C65: 1 | E65: 9
A66: TC Pairs; TC Singles; Referee; Judge | C66: 1 | E66: 9
A67: TS Pairs; Judge S/P | B67: TS-P, J-SP | C67: 1 | E67: 9
A68: Chief Referee; Data Operator; Judge | B68: CR, DO, J-S | C68: 4 | D68: 1 | E68: 1
A69: Judge Singles; TC Singles; Referee; TS Singles | B69: J-S, R | C69: 4 | E69: 1
A70: Judge Singles; Referee Singles | B70: J-S, R-S | C70: 4 | E70: 1
A71: Judge Singes; Referee Singles; Data Operator | C71: 4 | E71: 1
A72: Judge Singles; TC Singles; Referee; Data Operator | C72: 4 | E72: 1
A73: Judge S/P; TC Singles; Referee | B73: J-SP, TC-S, R | C73: 4 | E73: 1
A74: Assistant Referee; Judge Singles; Data Operator | C74: 4 | E74: 1
A75: Assistant Referee; TC Singles | B75: R, TC-S | C75: 4 | E75: 1
A76: Assistant Referee & Data Operator | B76: R/DO | C76: 4 | E76: 9
A77: Data Operator & Assistant Referee | B77: R/DO | C77: 4 | E77: 1
A78: TC Dance; Judge Dance; Judge Singles; Referee | B78: TC-D, J-SD, R | C78: 4 | E78: 1
A79: TC-Singles, Referee | B79: TC-S, R | C79: 4 | E79: 1
A80: TC Singles; Referee; Judge | C80: 4 | E80: 1
A81: Dance Referee | B81: R-D | C81: 4 | E81: 4
A82: Assistant Dance Referee | B82: R-D | C82: 4 | E82: 4
A83: Assistant Dance Referee, Judge-Dance | B83: R-D, J-D | C83: 4 | E83: 4
A84: Assistant Dance Referee; TC Dance; Judge Singles & Dance; Data Operator | C84: 4 | E84: 4
A85: TC Singles; Judge Singles; Referee Singles and Dance | B85: TC-S, J-S, R-SD | C85: 4 | E85: 4
A86: Chief Referee | B86: CR | C86: 4 | D86: 1 | E86: 9
A87: Chief Referee; Data Operator | B87: CR, DO | C87: 4 | D87: 1 | E87: 9
A88: Chief Referee; Judge S/P | B88: CR, J-SP | C88: 4 | D88: 1 | E88: 9
A89: Data Operator; Referee; Judge S/P | B89: DP, R, J-SP | C89: 4 | E89: 9
A90: Assistant Referee | B90: R | C90: 4 | E90: 9
A91: Referee | B91: R | C91: 4 | E91: 9
A92: Assistant Referee; Judge S/P | C92: 4 | E92: 9
A93: TC Singles; TC Pairs; Referee; Judge S/P | C93: 4 | E93: 9
A94: TC Pairs; TC Singles; Referee; Judge | B94: TCP, TC-S, J-SP | C94: 4 | E94: 9
A95: Assistant Accountant | B95: Acc | C95: 5 | E95: 7
A96: Accountant | B96: Acc | C96: 5 | E96: 7
A97: Chief Accountant | B97: C-Acc | C97: 5 | D97: 1 | E97: 7
A98: Chief Technical Accountant | B98: C-TA | C98: 6 | D98: 1 | E98: 7
A99: Assistant Technical Accountant | B99: TA | C99: 6 | E99: 7
A100: Technical Accountant | B100: TA | C100: 6 | E100: 7
...

Sheet Sheet2
A1: Position | B1: Abbreviation
A2: Chief Referee-SYS | B2: CR | C2: =COUNTIF(Sheet1!A:A,Sheet2!A2) -> 1
A3: Assistant Referee-SYS | B3: R | C3: =COUNTIF(Sheet1!A:A,Sheet2!A3) -> 1
A4: Chief Accountant | B4: C-Acc | C4: =COUNTIF(Sheet1!A:A,Sheet2!A4) -> 1
A5: Assistant Accountant | B5: Acc | C5: =COUNTIF(Sheet1!A:A,Sheet2!A5) -> 1
A6: Chief Technical Accountant | B6: C-TA | C6: =COUNTIF(Sheet1!A:A,Sheet2!A6) -> 1
A7: Assistant Technical Accountant | B7: TA | C7: =COUNTIF(Sheet1!A:A,Sheet2!A7) -> 1
A8: Chief Music Coordinator | B8: C-M | C8: =COUNTIF(Sheet1!A:A,Sheet2!A8) -> 1
A9: Assistant Music Coordinator | B9: M | C9: =COUNTIF(Sheet1!A:A,Sheet2!A9) -> 1
A10: Music Technician | B10: MT | C10: =COUNTIF(Sheet1!A:A,Sheet2!A10) -> 1
A11: Chief Announcer | B11: C-Ann | C11: =COUNTIF(Sheet1!A:A,Sheet2!A11) -> 1
A12: Announcer | B12: Ann | C12: =COUNTIF(Sheet1!A:A,Sheet2!A12) -> 1
A13: TC-SYS | B13: TC | C13: =COUNTIF(Sheet1!A:A,Sheet2!A13) -> 1
... A34: Assistant Referee/TC-SYS | B34: R/TC | C34: =COUNTIF(Sheet1!A:A,Sheet2!A34) -> 2
